{"3": {"exhaustive_comp_diff": [0.227503434, 0.2296396634, 0.1822172467, 0.2165063509, 0.1739926363], "exhaustive_uncomp_diff": [0.227503434, 0.2296396634, 0.1822172467, 0.2165063509, 0.1739926363], "exhaustive_eq4": [0.0, 0.0, 0.0, 0.0, 0.0], "exhaustive_eq5": [0.0, 0.0, 0.0, 0.0, 0.0], "exhaustive_uncomp": [0.0, 0.0, 0.0, 0.0, 0.0], "greedy_full_comp_diff": [0.227503434, 0.2296396634, 0.1822172467, 0.2165063509, 0.1739926363], "greedy_full_uncomp_diff": [0.227503434, 0.2296396634, 0.1822172467, 0.2165063509, 0.1739926363], "greedy_full_eq4": [0.0, 0.0, 0.0, 0.0, 0.0], "greedy_full_eq5": [0.0, 0.0, 0.0, 0.0, 0.0], "greedy_full_uncomp": [0.0, 0.0, 0.0, 0.0, 0.0], "greedy_partial_comp_diff": [0.227503434, 0.2296396634, 0.1822172467, 0.2165063509, 0.1739926363], "greedy_partial_uncomp_diff": [0.227503434, 0.2296396634, 0.1875, 0.2165063509, 0.1739926363], "greedy_partial_eq4": [0.0, 0.0, 0.0, 0.0, 0.0], "greedy_partial_eq5": [0.0, 0.0, 0.0, 0.0, 0.0], "greedy_partial_uncomp": [0.0, 0.0, 0.0, 0.0, 0.0], "regular_comp_diff": [0.0, 0.0, 0.0, 0.0, 0.0], "regular_uncomp_diff": [0.0, 0.0, 0.0, 0.0, 0.0], "regular_eq4": [0.0, 0.0, 0.0, 0.0, 0.0], "regular_eq5": [0.0, 0.0, 0.0, 0.0, 0.0], "regular_uncomp": [0.0, 0.0, 0.0, 0.0, 0.0]}, "4": {"exhaustive_comp_diff": [0.1530931089, 0.1465754925, 0.2440703024, 0.1848774932, 0.1976423538], "exhaustive_uncomp_diff": [0.1530931089, 0.1465754925, 0.2317562027, 0.1848774932, 0.1767766953], "exhaustive_eq4": [0.0, 0.0, 0.0, 0.0, 0.0], "exhaustive_eq5": [0.0, 0.0, 0.0, 0.0, 0.0], "exhaustive_uncomp": [0.0, 0.0, 0.0, 0.0, 0.0], "greedy_full_comp_diff": [0.1530931089, 0.1465754925, 0.2440703024, 0.1848774932, 0.1976423538], "greedy_full_uncomp_diff": [0.1530931089, 0.1465754925, 0.2317562027, 0.1848774932, 0.1767766953], "greedy_full_eq4": [0.0, 0.0, 0.0, 0.0, 0.0], "greedy_full_eq5": [0.0, 0.0, 0.0, 0.0, 0.0], "greedy_full_uncomp": [0.0, 0.0, 0.0, 0.0, 0.0], "greedy_partial_comp_diff": [0.1530931089, 0.1465754925, 0.2440703024, 0.1848774932, 0.1976423538], "greedy_partial_uncomp_diff": [0.1530931089, 0.1465754925, 0.2317562027, 0.1795175827, 0.1767766953], "greedy_partial_eq4": [0.0, 0.0, 0.0, 0.0, 0.0], "greedy_partial_eq5": [0.0, 0.0, 0.0, 0.0, 0.0], "greedy_partial_uncomp": [0.0, 0.0, 0.0, 0.0, 0.0], "regular_comp_diff": [0.0, 0.0, 0.0, 0.0, 0.0], "regular_uncomp_diff": [0.0, 0.0, 0.0, 0.0, 0.0], "regular_eq4": [0.0, 0.0, 0.0, 0.0, 0.0], "regular_eq5": [0.0, 0.0, 0.0, 0.0, 0.0], "regular_uncomp": [0.0, 0.0, 0.0, 0.0, 0.0]}, "5": {"exhaustive_comp_diff": [0.2881107643, 0.1875, 0.1465754925, 0.1593443598, 0.1767766953], "exhaustive_uncomp_diff": [0.2881107643, 0.1875, 0.1397542486, 0.1593443598, 0.1325825215], "exhaustive_eq4": [0.0, 0.0, 0.0, 0.0, 0.0], "exhaustive_eq5": [0.0, 0.0, 0.0, 0.0, 0.0], "exhaustive_uncomp": [0.0, 0.0, 0.0, 0.0, 0.0], "greedy_full_comp_diff": [0.2881107643, 0.1875, 0.1465754925, 0.1593443598, 0.1767766953], "greedy_full_uncomp_diff": [0.2881107643, 0.1875, 0.1397542486, 0.1593443598, 0.1325825215], "greedy_full_eq4": [0.0, 0.0, 0.0, 0.0, 0.0], "greedy_full_eq5": [0.0, 0.0, 0.0, 0.0, 0.0], "greedy_full_uncomp": [0.0, 0.0, 0.0, 0.0, 0.0], "greedy_partial_comp_diff": [0.2881107643, 0.1875, 0.1465754925, 0.1593443598, 0.1767766953], "greedy_partial_uncomp_diff": [0.2881107643, 0.1875, 0.1397542486, 0.1593443598, 0.1325825215], "greedy_partial_eq4": [0.0, 0.0, 0.0, 0.0, 0.0], "greedy_partial_eq5": [0.0, 0.0, 0.0, 0.0, 0.0], "greedy_partial_uncomp": [0.0, 0.0, 0.0, 0.0, 0.0], "regular_comp_diff": [0.0, 0.0, 0.0, 0.0, 0.0], "regular_uncomp_diff": [0.0, 0.0, 0.0, 0.0, 0.0], "regular_eq4": [0.0, 0.0, 0.0, 0.0, 0.0], "regular_eq5": [0.0, 0.0, 0.0, 0.0, 0.0], "regular_uncomp": [0.0, 0.0, 0.0, 0.0, 0.0]}, "6": {"exhaustive_comp_diff": [0.1623797632, 0.21875, 0.1795175827, 0.1767766953, 0.1976423538], "exhaustive_uncomp_diff": [0.1623797632, 0.21875, 0.1795175827, 0.1767766953, 0.1875], "exhaustive_eq4": [0.0, 0.0, 0.0, 0.0, 0.0], "exhaustive_eq5": [0.0, 0.0, 0.0, 0.0, 0.0], "exhaustive_uncomp": [0.0, 0.0, 0.0, 0.0, 0.0], "greedy_full_comp_diff": [0.1623797632, 0.21875, 0.1795175827, 0.1767766953, 0.1976423538], "greedy_full_uncomp_diff": [0.1623797632, 0.21875, 0.1795175827, 0.1767766953, 0.1875], "greedy_full_eq4": [0.0, 0.0, 0.0, 0.0, 0.0], "greedy_full_eq5": [0.0, 0.0, 0.0, 0.0, 0.0], "greedy_full_uncomp": [0.0, 0.0, 0.0, 0.0, 0.0], "greedy_partial_comp_diff": [0.1623797632, 0.21875, 0.1795175827, 0.1767766953, 0.1976423538], "greedy_partial_uncomp_diff": [0.1623797632, 0.21875, 0.1795175827, 0.1767766953, 0.1875], "greedy_partial_eq4": [0.0, 0.0, 0.0, 0.0, 0.0], "greedy_partial_eq5": [0.0, 0.0, 0.0, 0.0, 0.0], "greedy_partial_uncomp": [0.0, 0.0, 0.0, 0.0, 0.0], "regular_comp_diff": [0.0, 0.0, 0.0, 0.0, 0.0], "regular_uncomp_diff": [0.0, 0.0, 0.0, 0.0, 0.0], "regular_eq4": [0.0, 0.0, 0.0, 0.0, 0.0], "regular_eq5": [0.0, 0.0, 0.0, 0.0, 0.0], "regular_uncomp": [0.0, 0.0, 0.0, 0.0, 0.0]}, "7": {"exhaustive_comp_diff": [0.1767766953, 0.1653594569, 0.1767766953, 0.1767766953, 0.1653594569], "exhaustive_uncomp_diff": [0.1530931089, 0.1653594569, 0.1711632992, 0.1767766953, 0.1653594569], "exhaustive_eq4": [0.0, 0.0, 0.0, 0.0, 0.0], "exhaustive_eq5": [0.0, 0.0, 0.0, 0.0, 0.0], "exhaustive_uncomp": [0.0, 0.0, 0.0, 0.0, 0.0], "greedy_full_comp_diff": [0.1767766953, 0.1653594569, 0.1767766953, 0.1767766953, 0.1653594569], "greedy_full_uncomp_diff": [0.1530931089, 0.1653594569, 0.1711632992, 0.1767766953, 0.1653594569], "greedy_full_eq4": [0.0, 0.0, 0.0, 0.0, 0.0], "greedy_full_eq5": [0.0, 0.0, 0.0, 0.0, 0.0], "greedy_full_uncomp": [0.0, 0.0, 0.0, 0.0, 0.0], "greedy_partial_comp_diff": [0.1767766953, 0.1653594569, 0.1767766953, 0.1767766953, 0.1653594569], "greedy_partial_uncomp_diff": [0.1530931089, 0.1653594569, 0.1325825215, 0.1767766953, 0.1653594569], "greedy_partial_eq4": [0.0, 0.0, 0.0, 0.0, 0.0], "greedy_partial_eq5": [0.0, 0.0, 0.0, 0.0, 0.0], "greedy_partial_uncomp": [0.0, 0.0, 0.0, 0.0, 0.0], "regular_comp_diff": [0.0, 0.0, 0.0, 0.0, 0.0], "regular_uncomp_diff": [0.0, 0.0, 0.0, 0.0, 0.0], "regular_eq4": [0.0, 0.0, 0.0, 0.0, 0.0], "regular_eq5": [0.0, 0.0, 0.0, 0.0, 0.0], "regular_uncomp": [0.0, 0.0, 0.0, 0.0, 0.0]}, "8": {"exhaustive_comp_diff": [0.1767766953, 0.1822172467, 0.1926379376, 0.1767766953, 0.1875], "exhaustive_uncomp_diff": [0.1767766953, 0.1593443598, 0.1926379376, 0.1767766953, 0.1822172467], "exhaustive_eq4": [0.0, 0.0, 0.0, 0.0, 0.0], "exhaustive_eq5": [0.0, 0.0, 0.0, 0.0, 0.0], "exhaustive_uncomp": [0.0, 0.0, 0.0, 0.0, 0.0], "greedy_full_comp_diff": [0.1767766953, 0.1822172467, 0.1926379376, 0.1767766953, 0.1875], "greedy_full_uncomp_diff": [0.1767766953, 0.1822172467, 0.1926379376, 0.1767766953, 0.1822172467], "greedy_full_eq4": [0.0, 0.0, 0.0, 0.0, 0.0], "greedy_full_eq5": [0.0, 0.0, 0.0, 0.0, 0.0], "greedy_full_uncomp": [0.0, 0.0, 0.0, 0.0, 0.0], "greedy_partial_comp_diff": [0.1767766953, 0.1822172467, 0.1926379376, 0.1767766953, 0.1875], "greedy_partial_uncomp_diff": [0.1767766953, 0.1822172467, 0.1926379376, 0.1767766953, 0.1822172467], "greedy_partial_eq4": [0.0, 0.0, 0.0, 0.0, 0.0], "greedy_partial_eq5": [0.0, 0.0, 0.0, 0.0, 0.0], "greedy_partial_uncomp": [0.0, 0.0, 0.0, 0.0, 0.0], "regular_comp_diff": [0.0, 0.0, 0.0, 0.0, 0.0], "regular_uncomp_diff": [0.0, 0.0, 0.0, 0.0, 0.0], "regular_eq4": [0.0, 0.0, 0.0, 0.0, 0.0], "regular_eq5": [0.0, 0.0, 0.0, 0.0, 0.0], "regular_uncomp": [0.0, 0.0, 0.0, 0.0, 0.0]}, "9": {"exhaustive_comp_diff": [0.1875, 0.227503434, 0.1875, 0.1767766953, 0.0], "exhaustive_uncomp_diff": [0.1397542486, 0.21875, 0.1875, 0.1397542486, 0.0], "exhaustive_eq4": [0.0, 0.0, 0.0, 0.0, 0.0], "exhaustive_eq5": [0.0, 0.0, 0.0, 0.0, 0.0], "exhaustive_uncomp": [0.0, 0.0, 0.0, 0.0, 0.0], "greedy_full_comp_diff": [0.1875, 0.227503434, 0.1875, 0.1767766953, 0.0], "greedy_full_uncomp_diff": [0.1397542486, 0.21875, 0.1875, 0.1767766953, 0.0], "greedy_full_eq4": [0.0, 0.0, 0.0, 0.0, 0.0], "greedy_full_eq5": [0.0, 0.0, 0.0, 0.0, 0.0],