{"3": {"exhaustive_comp_diff": [0.3952847075, 0.5, 0.3952847075, 0.3535533906, 0.4841229183], "exhaustive_uncomp_diff": [0.3952847075, 0.5, 0.3952847075, 0.3535533906, 0.4841229183], "exhaustive_eq4": [0.0, 0.0, 0.0, 0.0, 0.0], "exhaustive_eq5": [0.0, 0.0, 0.0, 0.0, 0.0], "exhaustive_uncomp": [0.0, 0.0, 0.0, 0.0, 0.0], "greedy_full_comp_diff": [0.3952847075, 0.5, 0.3952847075, 0.3535533906, 0.4841229183], "greedy_full_uncomp_diff": [0.3952847075, 0.5, 0.3952847075, 0.3535533906, 0.4841229183], "greedy_full_eq4": [0.0, 0.0, 0.0, 0.0, 0.0], "greedy_full_eq5": [0.0, 0.0, 0.0, 0.0, 0.0], "greedy_full_uncomp": [0.0, 0.0, 0.0, 0.0, 0.0], "greedy_partial_comp_diff": [0.3952847075, 0.5, 0.3952847075, 0.3535533906, 0.4841229183], "greedy_partial_uncomp_diff": [0.3061862178, 0.5, 0.3952847075, 0.3535533906, 0.4841229183], "greedy_partial_eq4": [0.0, 0.0, 0.0, 0.0, 0.0], "greedy_partial_eq5": [0.0, 0.0, 0.0, 0.0, 0.0], "greedy_partial_uncomp": [0.0, 0.0, 0.0, 0.0, 0.0], "regular_comp_diff": [0.0, 0.0, 0.0, 0.0, 0.0], "regular_uncomp_diff": [0.0, 0.0, 0.0, 0.0, 0.0], "regular_eq4": [0.0, 0.0, 0.0, 0.0, 0.0], "regular_eq5": [0.0, 0.0, 0.0, 0.0, 0.0], "regular_uncomp": [0.0, 0.0, 0.0, 0.0, 0.0]}, "4": {"exhaustive_comp_diff": [0.25, 0.293150985, 0.293150985, 0.272431184, 0.2795084972], "exhaustive_uncomp_diff": [0.25, 0.2651650429, 0.293150985, 0.272431184, 0.2165063509], "exhaustive_eq4": [0.0, 0.0, 0.0, 0.0, 0.0], "exhaustive_eq5": [0.0, 0.0, 0.0, 0.0, 0.0], "exhaustive_uncomp": [0.0, 0.0, 0.0, 0.0, 0.0], "greedy_full_comp_diff": [0.25, 0.293150985, 0.293150985, 0.272431184, 0.2795084972], "greedy_full_uncomp_diff": [0.25, 0.293150985, 0.293150985, 0.272431184, 0.2165063509], "greedy_full_eq4": [0.0, 0.0, 0.0, 0.0, 0.0], "greedy_full_eq5": [0.0, 0.0, 0.0, 0.0, 0.0], "greedy_full_uncomp": [0.0, 0.0, 0.0, 0.0, 0.0], "greedy_partial_comp_diff": [0.25, 0.293150985, 0.293150985, 0.272431184, 0.2795084972], "greedy_partial_uncomp_diff": [0.25, 0.293150985, 0.293150985, 0.272431184, 0.2165063509], "greedy_partial_eq4": [0.0, 0.0, 0.0, 0.0, 0.0], "greedy_partial_eq5": [0.0, 0.0, 0.0, 0.0, 0.0], "greedy_partial_uncomp": [0.0, 0.0, 0.0, 0.0, 0.0], "regular_comp_diff": [0.0, 0.0, 0.0, 0.0, 0.0], "regular_uncomp_diff": [0.0, 0.0, 0.0, 0.0, 0.0], "regular_eq4": [0.0, 0.0, 0.0, 0.0, 0.0], "regular_eq5": [0.0, 0.0, 0.0, 0.0, 0.0], "regular_uncomp": [0.0, 0.0, 0.0, 0.0, 0.0]}, "5": {"exhaustive_comp_diff": [0.2317562027, 0.2440703024, 0.1711632992, 0.1711632992, 0.1875], "exhaustive_uncomp_diff": [0.2317562027, 0.2440703024, 0.1711632992, 0.1711632992, 0.1875], "exhaustive_eq4": [0.0, 0.0, 0.0, 0.0, 0.0], "exhaustive_eq5": [0.0, 0.0, 0.0, 0.0, 0.0], "exhaustive_uncomp": [0.0, 0.0, 0.0, 0.0, 0.0], "greedy_full_comp_diff": [0.2317562027, 0.2440703024, 0.1711632992, 0.1711632992, 0.1875], "greedy_full_uncomp_diff": [0.2317562027, 0.2440703024, 0.1711632992, 0.1711632992, 0.1875], "greedy_full_eq4": [0.0, 0.0, 0.0, 0.0, 0.0], "greedy_full_eq5": [0.0, 0.0, 0.0, 0.0, 0.0], "greedy_full_uncomp": [0.0, 0.0, 0.0, 0.0, 0.0], "greedy_partial_comp_diff": [0.2317562027, 0.2440703024, 0.1711632992, 0.1711632992, 0.1875], "greedy_partial_uncomp_diff": [0.2317562027, 0.2440703024, 0.1530931089, 0.1711632992, 0.1875], "greedy_partial_eq4": [0.0, 0.0, 0.0, 0.0, 0.0], "greedy_partial_eq5": [0.0, 0.0, 0.0, 0.0, 0.0], "greedy_partial_uncomp": [0.0, 0.0, 0.0, 0.0, 0.0], "regular_comp_diff": [0.0, 0.0, 0.0, 0.0, 0.0], "regular_uncomp_diff": [0.0, 0.0, 0.0, 0.0, 0.0], "regular_eq4": [0.0, 0.0, 0.0, 0.0, 0.0], "regular_eq5": [0.0, 0.0, 0.0, 0.0, 0.0], "regular_uncomp": [0.0, 0.0, 0.0, 0.0, 0.0]}, "6": {"exhaustive_comp_diff": [0.1414903928, 0.1325825215, 0.1278961371, 0.1682864002, 0.1278961371], "exhaustive_uncomp_diff": [0.1414903928, 0.1325825215, 0.1278961371, 0.1682864002, 0.0975780937], "exhaustive_eq4": [0.0, 0.0, 0.0, 0.0, 0.0], "exhaustive_eq5": [0.0, 0.0, 0.0, 0.0, 0.0], "exhaustive_uncomp": [0.0, 0.0, 0.0, 0.0, 0.0], "greedy_full_comp_diff": [0.1414903928, 0.1325825215, 0.1278961371, 0.1682864002, 0.1278961371], "greedy_full_uncomp_diff": [0.1414903928, 0.1325825215, 0.1278961371, 0.1682864002, 0.0975780937], "greedy_full_eq4": [0.0, 0.0, 0.0, 0.0, 0.0], "greedy_full_eq5": [0.0, 0.0, 0.0, 0.0, 0.0], "greedy_full_uncomp": [0.0, 0.0, 0.0, 0.0, 0.0], "greedy_partial_comp_diff": [0.1414903928, 0.1325825215, 0.1278961371, 0.1682864002, 0.1278961371], "greedy_partial_uncomp_diff": [0.1344113323, 0.1325825215, 0.1278961371, 0.1682864002, 0.1024599769], "greedy_partial_eq4": [0.0, 0.0, 0.0, 0.0, 0.0], "greedy_partial_eq5": [0.0, 0.0, 0.0, 0.0, 0.0], "greedy_partial_uncomp": [0.0, 0.0, 0.0, 0.0, 0.0], "regular_comp_diff": [0.0, 0.0, 0.0, 0.0, 0.0], "regular_uncomp_diff": [0.0, 0.0, 0.0, 0.0, 0.0], "regular_eq4": [0.0, 0.0, 0.0, 0.0, 0.0], "regular_eq5": [0.0, 0.0, 0.0, 0.0, 0.0], "regular_uncomp": [0.0, 0.0, 0.0, 0.0, 0.0]}, "7": {"exhaustive_comp_diff": [0.0975780937, 0.0648954989, 0.0808131284, 0.0804346105, 0.150276438], "exhaustive_uncomp_diff": [0.0883883476, 0.0648954989, 0.0808131284, 0.0804346105, 0.1388780378], "exhaustive_eq4": [0.0, 0.0, 0.0, 0.0, 0.0], "exhaustive_eq5": [0.0, 0.0, 0.0, 0.0, 0.0], "exhaustive_uncomp": [0.0, 0.0, 0.0, 0.0, 0.0], "greedy_full_comp_diff": [0.0975780937, 0.0648954989, 0.0808131284, 0.0804346105, 0.150276438], "greedy_full_uncomp_diff": [0.0883883476, 0.0648954989, 0.0808131284, 0.0804346105, 0.1388780378], "greedy_full_eq4": [0.0, 0.0, 0.0, 0.0, 0.0], "greedy_full_eq5": [0.0, 0.0, 0.0, 0.0, 0.0], "greedy_full_uncomp": [0.0, 0.0, 0.0, 0.0, 0.0], "greedy_partial_comp_diff": [0.0975780937, 0.0648954989, 0.0808131284, 0.0804346105, 0.150276438], "greedy_partial_uncomp_diff": [0.0883883476, 0.0648954989, 0.0808131284, 0.0804346105, 0.1388780378], "greedy_partial_eq4": [0.0, 0.0, 0.0, 0.0, 0.0], "greedy_partial_eq5": [0.0, 0.0, 0.0, 0.0, 0.0], "greedy_partial_uncomp": [0.0, 0.0, 0.0, 0.0, 0.0], "regular_comp_diff": [0.0, 0.0, 0.0, 0.0, 0.0], "regular_uncomp_diff": [0.0, 0.0, 0.0, 0.0, 0.0], "regular_eq4": [0.0, 0.0, 0.0, 0.0, 0.0], "regular_eq5": [0.0, 0.0, 0.0, 0.0, 0.0], "regular_uncomp": [0.0, 0.0, 0.0, 0.0, 0.0]}, "8": {"exhaustive_comp_diff": [0.0629863887, 0.0568758585, 0.0, 0.0546875, 0.0646599428], "exhaustive_uncomp_diff": [0.0629863887, 0.0455543117, 0.0, 0.0445381025, 0.0632281799], "exhaustive_eq4": [0.0, 0.0, 0.0, 0.0, 0.0], "exhaustive_eq5": [0.0, 0.0, 0.0, 0.0, 0.0], "exhaustive_uncomp": [0.0, 0.0, 0.0, 0.0, 0.0], "greedy_full_comp_diff": [0.0629863887, 0.0568758585, 0.0, 0.0546875, 0.0646599428], "greedy_full_uncomp_diff": [0.0629863887, 0.0455543117, 0.0, 0.0546875, 0.0632281799], "greedy_full_eq4": [0.0, 0.0, 0.0, 0.0, 0.0], "greedy_full_eq5": [0.0, 0.0, 0.0, 0.0, 0.0], "greedy_full_uncomp": [0.0, 0.0, 0.0, 0.0, 0.0], "greedy_partial_comp_diff": [0.0629863887, 0.0568758585, 0.0, 0.0546875, 0.0646599428], "greedy_partial_uncomp_diff": [0.0629863887, 0.0448793957, 0.0, 0.0544077667, 0.0632281799], "greedy_partial_eq4": [0.0, 0.0, 0.0, 0.0, 0.0], "greedy_partial_eq5": [0.0, 0.0, 0.0, 0.0, 0.0], "greedy_partial_uncomp": [0.0, 0.0, 0.0, 0.0, 0.0], "regular_comp_diff": [0.0, 0.0, 0.0629863887, 0.0, 0.0], "regular_uncomp_diff": [0.0, 0.0, 0.0441941738, 0.0, 0.0], "regular_eq4": [0.0, 0.0, 0.0, 0.0, 0.0], "regular_eq5": [0.0, 0.0, 0.0, 0.0, 0.0], "regular_uncomp": [0.0, 0.0, 0.0, 0.0, 0.0]}, "9": {"exhaustive_comp_diff": [0.0422073883, 0.0353186354, 0.0494105884, 0.0407824473, 0.045470495], "exhaustive_uncomp_diff": [0.0422073883, 0.0342215146, 0.0441941738, 0.0368514888, 0.045470495], "exhaustive_eq4": [0.0, 0.0, 0.0, 0.0, 0.0], "exhaustive_eq5": [0.0, 0.0, 0.0, 0.0, 0.0], "exhaustive_uncomp": [0.0, 0.0, 0.0, 0.0, 0.0], "greedy_full_comp_diff": [0.0422073883, 0.0353186354, 0.0494105884, 0.0407824473, 0.045470495], "greedy_full_uncomp_diff": [0.0422073883, 0.0342215146, 0.03125, 0.0368514888, 0.045470495], "greedy_full_eq4": [0.0, 0.0, 0.0, 0.0, 0.0], "greedy_full_eq5": [0.0, 0.0, 0.0, 0.0, 0.0], "greedy_full_uncomp": [0.0, 0.0, 0.0, 0.0, 0.0],